{"cameraMode":{"drawMode":0,"name":"Shaded","section":"Shading Mode"},"sceneLighting":true,"audioPlay":false,"sceneViewState":{"m_AlwaysRefresh":false,"showFog":true,"showSkybox":true,"showFlares":true,"showImageEffects":true,"showParticleSystems":true,"showVisualEffectGraphs":true,"m_FxEnabled":true},"in2DMode":false,"pivot":{"x":-4.886336326599121,"y":10.181962966918946,"z":7.023705959320068},"rotation":{"x":0.014705351553857327,"y":0.9590914845466614,"z":-0.278190553188324,"w":0.05068795010447502},"size":15.140495300292969,"orthographic":false}