{"cameraMode":{"drawMode":0,"name":"Shaded","section":"Shading Mode"},"sceneLighting":false,"audioPlay":false,"sceneViewState":{"m_AlwaysRefresh":false,"showFog":true,"showSkybox":false,"showFlares":true,"showImageEffects":true,"showParticleSystems":true,"showVisualEffectGraphs":true,"m_FxEnabled":true},"in2DMode":false,"pivot":{"x":3.0959126949310304,"y":1.798386573791504,"z":1.6106548309326172},"rotation":{"x":-0.11691245436668396,"y":0.04675789922475815,"z":-0.0055059511214494709,"w":-0.9920399785041809},"size":5.865696430206299,"orthographic":false}